,ID,source.x,target.x,ligand.x,receptor.x,prob.x,pval.x,interaction_name.x,interaction_name_2.x,pathway_name.x,annotation.x,evidence.x,source.y,target.y,ligand.y,receptor.y,prob.y,pval.y,interaction_name.y,interaction_name_2.y,pathway_name.y,annotation.y,evidence.y,abslogPdif,INTastX,INTastY,INT,ID (source_target_ligand_receptor)
3232,L6CTb_AST_CDH4_CDH4,L6CTb,AST,Cdh4,Cdh4,0.008878886666115,0.03,CDH4_CDH4,Cdh4  - Cdh4,CDH,Cell-Cell Contact,KEGG: mmu04514,NA,NA,NA,NA,1.0,NA,NA,NA,NA,NA,NA,2.05164148749569,L6CTb_AST,NA_NA,L6CTb_AST_NA_NA,NA
179,AST_L6CTb_CDH4_CDH4,AST,L6CTb,Cdh4,Cdh4,0.008878886666115,0.03,CDH4_CDH4,Cdh4  - Cdh4,CDH,Cell-Cell Contact,KEGG: mmu04514,NA,NA,NA,NA,1.0,NA,NA,NA,NA,NA,NA,2.05164148749569,AST_L6CTb,NA_NA,AST_L6CTb_NA_NA,NA
725,L2/3/4_AST_CDH4_CDH4,L2/3/4,AST,Cdh4,Cdh4,0.0097492834645784,0.0,CDH4_CDH4,Cdh4  - Cdh4,CDH,Cell-Cell Contact,KEGG: mmu04514,NA,NA,NA,NA,1.0,NA,NA,NA,NA,NA,NA,2.01102730212863,L2/3/4_AST,NA_NA,L2/3/4_AST_NA_NA,NA
36,AST_L2/3/4_CDH4_CDH4,AST,L2/3/4,Cdh4,Cdh4,0.0097492834645784,0.0,CDH4_CDH4,Cdh4  - Cdh4,CDH,Cell-Cell Contact,KEGG: mmu04514,NA,NA,NA,NA,1.0,NA,NA,NA,NA,NA,NA,2.01102730212863,AST_L2/3/4,NA_NA,AST_L2/3/4_NA_NA,NA
1022,L4_AST_CDH4_CDH4,L4,AST,Cdh4,Cdh4,0.009848010582782,0.0,CDH4_CDH4,Cdh4  - Cdh4,CDH,Cell-Cell Contact,KEGG: mmu04514,NA,NA,NA,NA,1.0,NA,NA,NA,NA,NA,NA,2.00665149337879,L4_AST,NA_NA,L4_AST_NA_NA,NA
57,AST_L4_CDH4_CDH4,AST,L4,Cdh4,Cdh4,0.009848010582782,0.0,CDH4_CDH4,Cdh4  - Cdh4,CDH,Cell-Cell Contact,KEGG: mmu04514,NA,NA,NA,NA,1.0,NA,NA,NA,NA,NA,NA,2.00665149337879,AST_L4,NA_NA,AST_L4_NA_NA,NA
3590,L6IT_AST_CDH4_CDH4,L6IT,AST,Cdh4,Cdh4,0.0107415379350604,0.0,CDH4_CDH4,Cdh4  - Cdh4,CDH,Cell-Cell Contact,KEGG: mmu04514,NA,NA,NA,NA,1.0,NA,NA,NA,NA,NA,NA,1.96893353345089,L6IT_AST,NA_NA,L6IT_AST_NA_NA,NA
200,AST_L6IT_CDH4_CDH4,AST,L6IT,Cdh4,Cdh4,0.0107415379350604,0.0,CDH4_CDH4,Cdh4  - Cdh4,CDH,Cell-Cell Contact,KEGG: mmu04514,NA,NA,NA,NA,1.0,NA,NA,NA,NA,NA,NA,1.96893353345089,AST_L6IT,NA_NA,AST_L6IT_NA_NA,NA
13,AST_INH_CDH4_CDH4,AST,INH,Cdh4,Cdh4,0.0146467895104353,0.0,CDH4_CDH4,Cdh4  - Cdh4,CDH,Cell-Cell Contact,KEGG: mmu04514,NA,NA,NA,NA,1.0,NA,NA,NA,NA,NA,NA,1.83425755965813,AST_INH,NA_NA,AST_INH_NA_NA,NA
259,INH_AST_CDH4_CDH4,INH,AST,Cdh4,Cdh4,0.0146467895104353,0.0,CDH4_CDH4,Cdh4  - Cdh4,CDH,Cell-Cell Contact,KEGG: mmu04514,NA,NA,NA,NA,1.0,NA,NA,NA,NA,NA,NA,1.83425755965813,INH_AST,NA_NA,INH_AST_NA_NA,NA
657,NA,L5IT,AST,Col6a1,Sdc4,0.016928862,0.0,COL6A1_SDC4,Col6a1  - Sdc4,COLLAGEN,ECM-Receptor,KEGG: mmu04512,NA,NA,NA,NA,1.0,NA,NA,NA,NA,NA,NA,1.771372222,L5IT_AST,NA_NA,L5IT_AST_NA_NA,L5IT_AST_COL6A1_SDC4
820,NA,L5PT,AST,Col6a1,Sdc4,0.022981939,0.0,COL6A1_SDC4,Col6a1  - Sdc4,COLLAGEN,ECM-Receptor,KEGG: mmu04512,NA,NA,NA,NA,1.0,NA,NA,NA,NA,NA,NA,1.638613325,L5PT_AST,NA_NA,L5PT_AST_NA_NA,L5PT_AST_COL6A1_SDC4
149,AST_L5PT_SEMA6D_PLXNA1,AST,L5PT,Sema6d,Plxna1,0.0466141855993461,0.0,SEMA6D_PLXNA1,Sema6d  - Plxna1,SEMA6,Cell-Cell Contact,PMID: 27533782,NA,NA,NA,NA,1.0,NA,NA,NA,NA,NA,NA,1.33148189897504,AST_L5PT,NA_NA,AST_L5PT_NA_NA,NA
229,AST_Pvalb_SEMA6D_PLXNA1,AST,Pvalb,Sema6d,Plxna1,0.048647852134987,0.0,SEMA6D_PLXNA1,Sema6d  - Plxna1,SEMA6,Cell-Cell Contact,PMID: 27533782,NA,NA,NA,NA,1.0,NA,NA,NA,NA,NA,NA,1.31293632963026,AST_Pvalb,NA_NA,AST_Pvalb_NA_NA,NA
218,AST_L6IT_SEMA6D_PLXNA1,AST,L6IT,Sema6d,Plxna1,0.0487892215274737,0.0,SEMA6D_PLXNA1,Sema6d  - Plxna1,SEMA6,Cell-Cell Contact,PMID: 27533782,NA,NA,NA,NA,1.0,NA,NA,NA,NA,NA,NA,1.31167611136139,AST_L6IT,NA_NA,AST_L6IT_NA_NA,NA
1092,NA,L6CTb,AST,Col6a1,Sdc4,0.049208534,0.0,COL6A1_SDC4,Col6a1  - Sdc4,COLLAGEN,ECM-Receptor,KEGG: mmu04512,NA,NA,NA,NA,1.0,NA,NA,NA,NA,NA,NA,1.307959574,L6CTb_AST,NA_NA,L6CTb_AST_NA_NA,L6CTb_AST_COL6A1_SDC4
245,AST_Sst_SEMA6D_PLXNA1,AST,Sst,Sema6d,Plxna1,0.0500068002424158,0.0,SEMA6D_PLXNA1,Sema6d  - Plxna1,SEMA6,Cell-Cell Contact,PMID: 27533782,NA,NA,NA,NA,1.0,NA,NA,NA,NA,NA,NA,1.30097093352512,AST_Sst,NA_NA,AST_Sst_NA_NA,NA
1040,NA,L6CTa,AST,Col6a1,Sdc4,0.055111871,0.0,COL6A1_SDC4,Col6a1  - Sdc4,COLLAGEN,ECM-Receptor,KEGG: mmu04512,NA,NA,NA,NA,1.0,NA,NA,NA,NA,NA,NA,1.258754846,L6CTa_AST,NA_NA,L6CTa_AST_NA_NA,L6CTa_AST_COL6A1_SDC4
262,INH_AST_PTPRM_PTPRM,NA,NA,NA,NA,1.0,NA,NA,NA,NA,NA,NA,INH,AST,Ptprm,Ptprm,0.0562910645756736,0.0,PTPRM_PTPRM,Ptprm  - Ptprm,PTPRM,Cell-Cell Contact,KEGG: mmu04514,1.24956053789214,NA_NA,INH_AST,NA_NA_INH_AST,NA
15,AST_INH_PTPRM_PTPRM,NA,NA,NA,NA,1.0,NA,NA,NA,NA,NA,NA,AST,INH,Ptprm,Ptprm,0.0562910645756736,0.0,PTPRM_PTPRM,Ptprm  - Ptprm,PTPRM,Cell-Cell Contact,KEGG: mmu04514,1.24956053789214,NA_NA,AST_INH,NA_NA_AST_INH,NA
197,AST_L6CTb_SEMA6A_PLXNA4,NA,NA,NA,NA,1.0,NA,NA,NA,NA,NA,NA,AST,L6CTb,Sema6a,Plxna4,0.0620971834165519,0.0,SEMA6A_PLXNA4,Sema6a  - Plxna4,SEMA6,Cell-Cell Contact,PMID: 27533782,1.20692809796175,NA_NA,AST_L6CTb,NA_NA_AST_L6CTb,NA
244,AST_Sst_SEMA6A_PLXNA4,NA,NA,NA,NA,1.0,NA,NA,NA,NA,NA,NA,AST,Sst,Sema6a,Plxna4,0.0635501628274137,0.0,SEMA6A_PLXNA4,Sema6a  - Plxna4,SEMA6,Cell-Cell Contact,PMID: 27533782,1.19688333236479,NA_NA,AST_Sst,NA_NA_AST_Sst,NA
34,AST_L2/3_SEMA6A_PLXNA4,NA,NA,NA,NA,1.0,NA,NA,NA,NA,NA,NA,AST,L2/3,Sema6a,Plxna4,0.0641865751573778,0.0,SEMA6A_PLXNA4,Sema6a  - Plxna4,SEMA6,Cell-Cell Contact,PMID: 27533782,1.19255579661566,NA_NA,AST_L2/3,NA_NA_AST_L2/3,NA
258,AST_Vlp_SEMA6A_PLXNA4,NA,NA,NA,NA,1.0,NA,NA,NA,NA,NA,NA,AST,Vlp,Sema6a,Plxna4,0.0669705945272888,0.0,SEMA6A_PLXNA4,Sema6a  - Plxna4,SEMA6,Cell-Cell Contact,PMID: 27533782,1.17411584562445,NA_NA,AST_Vlp,NA_NA_AST_Vlp,NA
54,AST_L2/3/4_SEMA6A_PLXNA4,NA,NA,NA,NA,1.0,NA,NA,NA,NA,NA,NA,AST,L2/3/4,Sema6a,Plxna4,0.068153903741278,0.0,SEMA6A_PLXNA4,Sema6a  - Plxna4,SEMA6,Cell-Cell Contact,PMID: 27533782,1.16650926345747,NA_NA,AST_L2/3/4,NA_NA_AST_L2/3/4,NA
71,AST_L4_SEMA6A_PLXNA4,NA,NA,NA,NA,1.0,NA,NA,NA,NA,NA,NA,AST,L4,Sema6a,Plxna4,0.0692208309544808,0.0,SEMA6A_PLXNA4,Sema6a  - Plxna4,SEMA6,Cell-Cell Contact,PMID: 27533782,1.15976319156631,NA_NA,AST_L4,NA_NA_AST_L4,NA
89,L2/3_AST_GAS6_MERTK,L2/3,AST,Gas6,Mertk,0.0731714774129246,0.0,GAS6_MERTK,Gas6  - Mertk,GAS,Secreted Signaling,PMID: 27801848,NA,NA,NA,NA,1.0,NA,NA,NA,NA,NA,NA,1.13565817599294,L2/3_AST,NA_NA,L2/3_AST_NA_NA,NA
217,AST_L6IT_SEMA6A_PLXNA4,NA,NA,NA,NA,1.0,NA,NA,NA,NA,NA,NA,AST,L6IT,Sema6a,Plxna4,0.073768064029575,0.0,SEMA6A_PLXNA4,Sema6a  - Plxna4,SEMA6,Cell-Cell Contact,PMID: 27533782,1.13213161402441,NA_NA,AST_L6IT,NA_NA_AST_L6IT,NA
123,AST_L5NP_SEMA6A_PLXNA4,NA,NA,NA,NA,1.0,NA,NA,NA,NA,NA,NA,AST,L5NP,Sema6a,Plxna4,0.0739254309602267,0.0,SEMA6A_PLXNA4,Sema6a  - Plxna4,SEMA6,Cell-Cell Contact,PMID: 27533782,1.13120613500471,NA_NA,AST_L5NP,NA_NA_AST_L5NP,NA
1077,L6IT_AST_GAS6_MERTK,L6IT,AST,Gas6,Mertk,0.0749153241364888,0.0,GAS6_MERTK,Gas6  - Mertk,GAS,Secreted Signaling,PMID: 27801848,NA,NA,NA,NA,1.0,NA,NA,NA,NA,NA,NA,1.12542933707754,L6IT_AST,NA_NA,L6IT_AST_NA_NA,NA
366,L4_AST_GAS6_MERTK,L4,AST,Gas6,Mertk,0.0753194315690686,0.0,GAS6_MERTK,Gas6  - Mertk,GAS,Secreted Signaling,PMID: 27801848,NA,NA,NA,NA,1.0,NA,NA,NA,NA,NA,NA,1.12309296623568,L4_AST,NA_NA,L4_AST_NA_NA,NA
107,AST_L5IT_SEMA6A_PLXNA4,NA,NA,NA,NA,1.0,NA,NA,NA,NA,NA,NA,AST,L5IT,Sema6a,Plxna4,0.0760551715231362,0.0,SEMA6A_PLXNA4,Sema6a  - Plxna4,SEMA6,Cell-Cell Contact,PMID: 27533782,1.11887124988712,NA_NA,AST_L5IT,NA_NA_AST_L5IT,NA
1241,NA,L6IT,AST,Col6a1,Sdc4,0.080902015,0.0,COL6A1_SDC4,Col6a1  - Sdc4,COLLAGEN,ECM-Receptor,KEGG: mmu04512,NA,NA,NA,NA,1.0,NA,NA,NA,NA,NA,NA,1.09204066,L6IT_AST,NA_NA,L6IT_AST_NA_NA,L6IT_AST_COL6A1_SDC4
894,L6CTa_AST_GAS6_MERTK,L6CTa,AST,Gas6,Mertk,0.0821555846519931,0.0,GAS6_MERTK,Gas6  - Mertk,GAS,Secreted Signaling,PMID: 27801848,NA,NA,NA,NA,1.0,NA,NA,NA,NA,NA,NA,1.08536290939134,L6CTa_AST,NA_NA,L6CTa_AST_NA_NA,NA
228,AST_Pvalb_SEMA6A_PLXNA4,NA,NA,NA,NA,1.0,NA,NA,NA,NA,NA,NA,AST,Pvalb,Sema6a,Plxna4,0.0845602153275054,0.0,SEMA6A_PLXNA4,Sema6a  - Plxna4,SEMA6,Cell-Cell Contact,PMID: 27533782,1.07283391979443,NA_NA,AST_Pvalb,NA_NA_AST_Pvalb,NA
1431,Vlp_AST_GAS6_MERTK,Vlp,AST,Gas6,Mertk,0.0856467589666621,0.0,GAS6_MERTK,Gas6  - Mertk,GAS,Secreted Signaling,PMID: 27801848,NA,NA,NA,NA,1.0,NA,NA,NA,NA,NA,NA,1.06728906690193,Vlp_AST,NA_NA,Vlp_AST_NA_NA,NA
220,L2/3/4_AST_GAS6_MERTK,L2/3/4,AST,Gas6,Mertk,0.185503320828719,0.0,GAS6_MERTK,Gas6  - Mertk,GAS,Secreted Signaling,PMID: 27801848,L2/3/4,AST,Gas6,Mertk,0.0515995761937482,0.0,GAS6_MERTK,Gas6  - Mertk,GAS,Secreted Signaling,PMID: 27801848,0.555705554017428,L2/3/4_AST,L2/3/4_AST,L2/3/4_AST_L2/3/4_AST,NA
944,L6CTb_AST_GAS6_MERTK,L6CTb,AST,Gas6,Mertk,0.173106337665126,0.0,GAS6_MERTK,Gas6  - Mertk,GAS,Secreted Signaling,PMID: 27801848,L6CTb,AST,Gas6,Mertk,0.0586681814205925,0.0,GAS6_MERTK,Gas6  - Mertk,GAS,Secreted Signaling,PMID: 27801848,0.469910342005263,L6CTb_AST,L6CTb_AST,L6CTb_AST_L6CTb_AST,NA
1211,Pvalb_AST_GAS6_MERTK,Pvalb,AST,Gas6,Mertk,0.216891269621453,0.0,GAS6_MERTK,Gas6  - Mertk,GAS,Secreted Signaling,PMID: 27801848,Pvalb,AST,Gas6,Mertk,0.0804625090088596,0.0,GAS6_MERTK,Gas6  - Mertk,GAS,Secreted Signaling,PMID: 27801848,0.430648500239905,Pvalb_AST,Pvalb_AST,Pvalb_AST_Pvalb_AST,NA
375,L2/3_AST_CDH4_CDH4,L2/3,AST,Cdh4,Cdh4,0.0339735058607988,0.0,CDH4_CDH4,Cdh4  - Cdh4,CDH,Cell-Cell Contact,KEGG: mmu04514,L2/3,AST,Cdh4,Cdh4,0.0130475324356878,0.0,CDH4_CDH4,Cdh4  - Cdh4,CDH,Cell-Cell Contact,KEGG: mmu04514,0.415611980583443,L2/3_AST,L2/3_AST,L2/3_AST_L2/3_AST,NA
17,AST_L2/3_CDH4_CDH4,AST,L2/3,Cdh4,Cdh4,0.0339735058607988,0.0,CDH4_CDH4,Cdh4  - Cdh4,CDH,Cell-Cell Contact,KEGG: mmu04514,AST,L2/3,Cdh4,Cdh4,0.0130475324356878,0.0,CDH4_CDH4,Cdh4  - Cdh4,CDH,Cell-Cell Contact,KEGG: mmu04514,0.415611980583443,AST_L2/3,AST_L2/3,AST_L2/3_AST_L2/3,NA
2119,L5NP_AST_NEGR1_NEGR1,NA,NA,NA,NA,1.0,NA,NA,NA,NA,NA,NA,L5NP,AST,Negr1,Negr1,0.427634104477304,0.0,NEGR1_NEGR1,Negr1  - Negr1,NEGR,Cell-Cell Contact,KEGG: mmu04514,0.368927666429419,NA_NA,L5NP_AST,NA_NA_L5NP_AST,NA
115,AST_L5NP_NEGR1_NEGR1,NA,NA,NA,NA,1.0,NA,NA,NA,NA,NA,NA,AST,L5NP,Negr1,Negr1,0.427634104477304,0.0,NEGR1_NEGR1,Negr1  - Negr1,NEGR,Cell-Cell Contact,KEGG: mmu04514,0.368927666429419,NA_NA,AST_L5NP,NA_NA_AST_L5NP,NA
157,AST_L6b_NEGR1_NEGR1,NA,NA,NA,NA,1.0,NA,NA,NA,NA,NA,NA,AST,L6b,Negr1,Negr1,0.427820589916882,0.0,NEGR1_NEGR1,Negr1  - Negr1,NEGR,Cell-Cell Contact,KEGG: mmu04514,0.368738317772669,NA_NA,AST_L6b,NA_NA_AST_L6b,NA
2704,L6b_AST_NEGR1_NEGR1,NA,NA,NA,NA,1.0,NA,NA,NA,NA,NA,NA,L6b,AST,Negr1,Negr1,0.427820589916882,0.0,NEGR1_NEGR1,Negr1  - Negr1,NEGR,Cell-Cell Contact,KEGG: mmu04514,0.368738317772669,NA_NA,L6b_AST,NA_NA_L6b_AST,NA
4473,Vlp_AST_PTPRM_PTPRM,Vlp,AST,Ptprm,Ptprm,0.146098366767079,0.0,PTPRM_PTPRM,Ptprm  - Ptprm,PTPRM,Cell-Cell Contact,KEGG: mmu04514,Vlp,AST,Ptprm,Ptprm,0.0862356243370713,0.0,PTPRM_PTPRM,Ptprm  - Ptprm,PTPRM,Cell-Cell Contact,KEGG: mmu04514,0.228958649025041,Vlp_AST,Vlp_AST,Vlp_AST_Vlp_AST,NA
256,AST_Vlp_PTPRM_PTPRM,AST,Vlp,Ptprm,Ptprm,0.146098366767079,0.0,PTPRM_PTPRM,Ptprm  - Ptprm,PTPRM,Cell-Cell Contact,KEGG: mmu04514,AST,Vlp,Ptprm,Ptprm,0.0862356243370713,0.0,PTPRM_PTPRM,Ptprm  - Ptprm,PTPRM,Cell-Cell Contact,KEGG: mmu04514,0.228958649025041,AST_Vlp,AST_Vlp,AST_Vlp_AST_Vlp,NA
654,L5PT_AST_GAS6_MERTK,L5PT,AST,Gas6,Mertk,0.263801909533325,0.0,GAS6_MERTK,Gas6  - Mertk,GAS,Secreted Signaling,PMID: 27801848,L5PT,AST,Gas6,Mertk,0.190859631017924,0.0,GAS6_MERTK,Gas6  - Mertk,GAS,Secreted Signaling,PMID: 27801848,0.140563854981724,L5PT_AST,L5PT_AST,L5PT_AST_L5PT_AST,NA
559,L5IT_AST_GAS6_MERTK,L5IT,AST,Gas6,Mertk,0.0767104535701951,0.0,GAS6_MERTK,Gas6  - Mertk,GAS,Secreted Signaling,PMID: 27801848,L5IT,AST,Gas6,Mertk,0.0561950465732296,0.0,GAS6_MERTK,Gas6  - Mertk,GAS,Secreted Signaling,PMID: 27801848,0.135156515145876,L5IT_AST,L5IT_AST,L5IT_AST_L5IT_AST,NA
2356,L5PT_AST_PTPRM_PTPRM,L5PT,AST,Ptprm,Ptprm,0.0410018114139679,0.0,PTPRM_PTPRM,Ptprm  - Ptprm,PTPRM,Cell-Cell Contact,KEGG: mmu04514,L5PT,AST,Ptprm,Ptprm,0.0334127979218771,0.0,PTPRM_PTPRM,Ptprm  - Ptprm,PTPRM,Cell-Cell Contact,KEGG: mmu04514,0.0888901996606555,L5PT_AST,L5PT_AST,L5PT_AST_L5PT_AST,NA
144,AST_L5PT_PTPRM_PTPRM,AST,L5PT,Ptprm,Ptprm,0.0410018114139679,0.0,PTPRM_PTPRM,Ptprm  - Ptprm,PTPRM,Cell-Cell Contact,KEGG: mmu04514,AST,L5PT,Ptprm,Ptprm,0.0334127979218771,0.0,PTPRM_PTPRM,Ptprm  - Ptprm,PTPRM,Cell-Cell Contact,KEGG: mmu04514,0.0888901996606555,AST_L5PT,AST_L5PT,AST_L5PT_AST_L5PT,NA
1301,Sst_AST_GAS6_MERTK,Sst,AST,Gas6,Mertk,0.0836791004053905,0.0,GAS6_MERTK,Gas6  - Mertk,GAS,Secreted Signaling,PMID: 27801848,Sst,AST,Gas6,Mertk,0.0698681721468465,0.0,GAS6_MERTK,Gas6  - Mertk,GAS,Secreted Signaling,PMID: 27801848,0.0783376210260811,Sst_AST,Sst_AST,Sst_AST_Sst_AST,NA
463,L4/L5IT_AST_GAS6_MERTK,L4/L5IT,AST,Gas6,Mertk,0.07585517296186,0.0,GAS6_MERTK,Gas6  - Mertk,GAS,Secreted Signaling,PMID: 27801848,L4/L5IT,AST,Gas6,Mertk,0.0636868552623216,0.0,GAS6_MERTK,Gas6  - Mertk,GAS,Secreted Signaling,PMID: 27801848,0.0759353981831918,L4/L5IT_AST,L4/L5IT_AST,L4/L5IT_AST_L4/L5IT_AST,NA
760,L6b_AST_GAS6_MERTK,L6b,AST,Gas6,Mertk,0.0773449822325541,0.0,GAS6_MERTK,Gas6  - Mertk,GAS,Secreted Signaling,PMID: 27801848,L6b,AST,Gas6,Mertk,0.0652220840319169,0.0,GAS6_MERTK,Gas6  - Mertk,GAS,Secreted Signaling,PMID: 27801848,0.0740374723878576,L6b_AST,L6b_AST,L6b_AST_L6b_AST,NA
734,L2/3/4_AST_PTPRM_PTPRM,L2/3/4,AST,Ptprm,Ptprm,0.03366349038143,0.0,PTPRM_PTPRM,Ptprm  - Ptprm,PTPRM,Cell-Cell Contact,KEGG: mmu04514,L2/3/4,AST,Ptprm,Ptprm,0.0397389588498223,0.0,PTPRM_PTPRM,Ptprm  - Ptprm,PTPRM,Cell-Cell Contact,KEGG: mmu04514,0.0720573409515737,L2/3/4_AST,L2/3/4_AST,L2/3/4_AST_L2/3/4_AST,NA
52,AST_L2/3/4_PTPRM_PTPRM,AST,L2/3/4,Ptprm,Ptprm,0.03366349038143,0.0,PTPRM_PTPRM,Ptprm  - Ptprm,PTPRM,Cell-Cell Contact,KEGG: mmu04514,AST,L2/3/4,Ptprm,Ptprm,0.0397389588498223,0.0,PTPRM_PTPRM,Ptprm  - Ptprm,PTPRM,Cell-Cell Contact,KEGG: mmu04514,0.0720573409515737,AST_L2/3/4,AST_L2/3/4,AST_L2/3/4_AST_L2/3/4,NA
70,AST_L4_PTPRM_PTPRM,AST,L4,Ptprm,Ptprm,0.0394884630996535,0.0,PTPRM_PTPRM,Ptprm  - Ptprm,PTPRM,Cell-Cell Contact,KEGG: mmu04514,AST,L4,Ptprm,Ptprm,0.046090840630924,0.0,PTPRM_PTPRM,Ptprm  - Ptprm,PTPRM,Cell-Cell Contact,KEGG: mmu04514,0.0671443978848676,AST_L4,AST_L4,AST_L4_AST_L4,NA
1033,L4_AST_PTPRM_PTPRM,L4,AST,Ptprm,Ptprm,0.0394884630996535,0.0,PTPRM_PTPRM,Ptprm  - Ptprm,PTPRM,Cell-Cell Contact,KEGG: mmu04514,L4,AST,Ptprm,Ptprm,0.046090840630924,0.0,PTPRM_PTPRM,Ptprm  - Ptprm,PTPRM,Cell-Cell Contact,KEGG: mmu04514,0.0671443978848676,L4_AST,L4_AST,L4_AST_L4_AST,NA
193,AST_L6CTb_PTPRM_PTPRM,AST,L6CTb,Ptprm,Ptprm,0.0302817854317535,0.0,PTPRM_PTPRM,Ptprm  - Ptprm,PTPRM,Cell-Cell Contact,KEGG: mmu04514,AST,L6CTb,Ptprm,Ptprm,0.0343314574077956,0.01,PTPRM_PTPRM,Ptprm  - Ptprm,PTPRM,Cell-Cell Contact,KEGG: mmu04514,0.054510762252088,AST_L6CTb,AST_L6CTb,AST_L6CTb_AST_L6CTb,NA
3241,L6CTb_AST_PTPRM_PTPRM,L6CTb,AST,Ptprm,Ptprm,0.0302817854317535,0.0,PTPRM_PTPRM,Ptprm  - Ptprm,PTPRM,Cell-Cell Contact,KEGG: mmu04514,L6CTb,AST,Ptprm,Ptprm,0.0343314574077956,0.01,PTPRM_PTPRM,Ptprm  - Ptprm,PTPRM,Cell-Cell Contact,KEGG: mmu04514,0.054510762252088,L6CTb_AST,L6CTb_AST,L6CTb_AST_L6CTb_AST,NA
4151,Sst_AST_CDH4_CDH4,Sst,AST,Cdh4,Cdh4,0.0462277696971655,0.0,CDH4_CDH4,Cdh4  - Cdh4,CDH,Cell-Cell Contact,KEGG: mmu04514,Sst,AST,Cdh4,Cdh4,0.0521269463782216,0.0,CDH4_CDH4,Cdh4  - Cdh4,CDH,Cell-Cell Contact,KEGG: mmu04514,0.0521593434989034,Sst_AST,Sst_AST,Sst_AST_Sst_AST,NA
231,AST_Sst_CDH4_CDH4,AST,Sst,Cdh4,Cdh4,0.0462277696971655,0.0,CDH4_CDH4,Cdh4  - Cdh4,CDH,Cell-Cell Contact,KEGG: mmu04514,AST,Sst,Cdh4,Cdh4,0.0521269463782216,0.0,CDH4_CDH4,Cdh4  - Cdh4,CDH,Cell-Cell Contact,KEGG: mmu04514,0.0521593434989034,AST_Sst,AST_Sst,AST_Sst_AST_Sst,NA
226,AST_Pvalb_PTPRM_PTPRM,AST,Pvalb,Ptprm,Ptprm,0.246208632084659,0.0,PTPRM_PTPRM,Ptprm  - Ptprm,PTPRM,Cell-Cell Contact,KEGG: mmu04514,AST,Pvalb,Ptprm,Ptprm,0.261217544384838,0.0,PTPRM_PTPRM,Ptprm  - Ptprm,PTPRM,Cell-Cell Contact,KEGG: mmu04514,0.025699067242384,AST_Pvalb,AST_Pvalb,AST_Pvalb_AST_Pvalb,NA
3910,Pvalb_AST_PTPRM_PTPRM,Pvalb,AST,Ptprm,Ptprm,0.246208632084659,0.0,PTPRM_PTPRM,Ptprm  - Ptprm,PTPRM,Cell-Cell Contact,KEGG: mmu04514,Pvalb,AST,Ptprm,Ptprm,0.261217544384838,0.0,PTPRM_PTPRM,Ptprm  - Ptprm,PTPRM,Cell-Cell Contact,KEGG: mmu04514,0.025699067242384,Pvalb_AST,Pvalb_AST,Pvalb_AST_Pvalb_AST,NA
87,AST_L4/L5IT_PTPRM_PTPRM,AST,L4/L5IT,Ptprm,Ptprm,0.192742494115763,0.0,PTPRM_PTPRM,Ptprm  - Ptprm,PTPRM,Cell-Cell Contact,KEGG: mmu04514,AST,L4/L5IT,Ptprm,Ptprm,0.20389615068377,0.0,PTPRM_PTPRM,Ptprm  - Ptprm,PTPRM,Cell-Cell Contact,KEGG: mmu04514,0.0244315523758339,AST_L4/L5IT,AST_L4/L5IT,AST_L4/L5IT_AST_L4/L5IT,NA
1362,L4/L5IT_AST_PTPRM_PTPRM,L4/L5IT,AST,Ptprm,Ptprm,0.192742494115763,0.0,PTPRM_PTPRM,Ptprm  - Ptprm,PTPRM,Cell-Cell Contact,KEGG: mmu04514,L4/L5IT,AST,Ptprm,Ptprm,0.20389615068377,0.0,PTPRM_PTPRM,Ptprm  - Ptprm,PTPRM,Cell-Cell Contact,KEGG: mmu04514,0.0244315523758339,L4/L5IT_AST,L4/L5IT_AST,L4/L5IT_AST_L4/L5IT_AST,NA
242,AST_Sst_PTPRM_PTPRM,AST,Sst,Ptprm,Ptprm,0.243038973491436,0.0,PTPRM_PTPRM,Ptprm  - Ptprm,PTPRM,Cell-Cell Contact,KEGG: mmu04514,AST,Sst,Ptprm,Ptprm,0.256552120868631,0.0,PTPRM_PTPRM,Ptprm  - Ptprm,PTPRM,Cell-Cell Contact,KEGG: mmu04514,0.0234996870178392,AST_Sst,AST_Sst,AST_Sst_AST_Sst,NA
4161,Sst_AST_PTPRM_PTPRM,Sst,AST,Ptprm,Ptprm,0.243038973491436,0.0,PTPRM_PTPRM,Ptprm  - Ptprm,PTPRM,Cell-Cell Contact,KEGG: mmu04514,Sst,AST,Ptprm,Ptprm,0.256552120868631,0.0,PTPRM_PTPRM,Ptprm  - Ptprm,PTPRM,Cell-Cell Contact,KEGG: mmu04514,0.0234996870178392,Sst_AST,Sst_AST,Sst_AST_Sst_AST,NA
2346,L5PT_AST_CDH4_CDH4,L5PT,AST,Cdh4,Cdh4,0.0396926096824822,0.0,CDH4_CDH4,Cdh4  - Cdh4,CDH,Cell-Cell Contact,KEGG: mmu04514,L5PT,AST,Cdh4,Cdh4,0.0380365301613783,0.0,CDH4_CDH4,Cdh4  - Cdh4,CDH,Cell-Cell Contact,KEGG: mmu04514,0.0185087614828556,L5PT_AST,L5PT_AST,L5PT_AST_L5PT_AST,NA
126,AST_L5PT_CDH4_CDH4,AST,L5PT,Cdh4,Cdh4,0.0396926096824822,0.0,CDH4_CDH4,Cdh4  - Cdh4,CDH,Cell-Cell Contact,KEGG: mmu04514,AST,L5PT,Cdh4,Cdh4,0.0380365301613783,0.0,CDH4_CDH4,Cdh4  - Cdh4,CDH,Cell-Cell Contact,KEGG: mmu04514,0.0185087614828556,AST_L5PT,AST_L5PT,AST_L5PT_AST_L5PT,NA
103,AST_L5IT_PTPRM_PTPRM,AST,L5IT,Ptprm,Ptprm,0.230857699258789,0.0,PTPRM_PTPRM,Ptprm  - Ptprm,PTPRM,Cell-Cell Contact,KEGG: mmu04514,AST,L5IT,Ptprm,Ptprm,0.240075787970027,0.0,PTPRM_PTPRM,Ptprm  - Ptprm,PTPRM,Cell-Cell Contact,KEGG: mmu04514,0.0170039998270095,AST_L5IT,AST_L5IT,AST_L5IT_AST_L5IT,NA
1767,L5IT_AST_PTPRM_PTPRM,L5IT,AST,Ptprm,Ptprm,0.230857699258789,0.0,PTPRM_PTPRM,Ptprm  - Ptprm,PTPRM,Cell-Cell Contact,KEGG: mmu04514,L5IT,AST,Ptprm,Ptprm,0.240075787970027,0.0,PTPRM_PTPRM,Ptprm  - Ptprm,PTPRM,Cell-Cell Contact,KEGG: mmu04514,0.0170039998270095,L5IT_AST,L5IT_AST,L5IT_AST_L5IT_AST,NA
65,AST_L4_NEGR1_NEGR1,AST,L4,Negr1,Negr1,0.424634852120168,0.0,NEGR1_NEGR1,Negr1  - Negr1,NEGR,Cell-Cell Contact,KEGG: mmu04514,AST,L4,Negr1,Negr1,0.439874198657657,0.0,NEGR1_NEGR1,Negr1  - Negr1,NEGR,Cell-Cell Contact,KEGG: mmu04514,0.0153128524344798,AST_L4,AST_L4,AST_L4_AST_L4,NA
1032,L4_AST_NEGR1_NEGR1,L4,AST,Negr1,Negr1,0.424634852120168,0.0,NEGR1_NEGR1,Negr1  - Negr1,NEGR,Cell-Cell Contact,KEGG: mmu04514,L4,AST,Negr1,Negr1,0.439874198657657,0.0,NEGR1_NEGR1,Negr1  - Negr1,NEGR,Cell-Cell Contact,KEGG: mmu04514,0.0153128524344798,L4_AST,L4_AST,L4_AST_L4_AST,NA
238,AST_Sst_NEGR1_NEGR1,AST,Sst,Negr1,Negr1,0.42241625847807,0.0,NEGR1_NEGR1,Negr1  - Negr1,NEGR,Cell-Cell Contact,KEGG: mmu04514,AST,Sst,Negr1,Negr1,0.435490297980125,0.0,NEGR1_NEGR1,Negr1  - Negr1,NEGR,Cell-Cell Contact,KEGG: mmu04514,0.0132378585631931,AST_Sst,AST_Sst,AST_Sst_AST_Sst,NA
4159,Sst_AST_NEGR1_NEGR1,Sst,AST,Negr1,Negr1,0.42241625847807,0.0,NEGR1_NEGR1,Negr1  - Negr1,NEGR,Cell-Cell Contact,KEGG: mmu04514,Sst,AST,Negr1,Negr1,0.435490297980125,0.0,NEGR1_NEGR1,Negr1  - Negr1,NEGR,Cell-Cell Contact,KEGG: mmu04514,0.0132378585631931,Sst_AST,Sst_AST,Sst_AST_Sst_AST,NA
4463,Vlp_AST_CDH4_CDH4,Vlp,AST,Cdh4,Cdh4,0.0144880321598383,0.0,CDH4_CDH4,Cdh4  - Cdh4,CDH,Cell-Cell Contact,KEGG: mmu04514,Vlp,AST,Cdh4,Cdh4,0.0143801147764964,0.0,CDH4_CDH4,Cdh4  - Cdh4,CDH,Cell-Cell Contact,KEGG: mmu04514,0.003247048902377,Vlp_AST,Vlp_AST,Vlp_AST_Vlp_AST,NA
247,AST_Vlp_CDH4_CDH4,AST,Vlp,Cdh4,Cdh4,0.0144880321598383,0.0,CDH4_CDH4,Cdh4  - Cdh4,CDH,Cell-Cell Contact,KEGG: mmu04514,AST,Vlp,Cdh4,Cdh4,0.0143801147764964,0.0,CDH4_CDH4,Cdh4  - Cdh4,CDH,Cell-Cell Contact,KEGG: mmu04514,0.003247048902377,AST_Vlp,AST_Vlp,AST_Vlp_AST_Vlp,NA
